<?xml version="1.0" encoding="UTF-8"?>
<GenRun Id="synth_1" LaunchPart="xc7a35tcpg236-1" LaunchTime="1618415823">
  <File Type="PA-TCL" Name="Full_Adder_Lab3.tcl"/>
  <File Type="RDS-PROPCONSTRS" Name="Full_Adder_Lab3_drc_synth.rpt"/>
  <File Type="REPORTS-TCL" Name="Full_Adder_Lab3_reports.tcl"/>
  <File Type="RDS-RDS" Name="Full_Adder_Lab3.vds"/>
  <File Type="RDS-UTIL" Name="Full_Adder_Lab3_utilization_synth.rpt"/>
  <File Type="RDS-UTIL-PB" Name="Full_Adder_Lab3_utilization_synth.pb"/>
  <File Type="RDS-DCP" Name="Full_Adder_Lab3.dcp"/>
  <File Type="VDS-TIMINGSUMMARY" Name="Full_Adder_Lab3_timing_summary_synth.rpt"/>
  <File Type="VDS-TIMING-PB" Name="Full_Adder_Lab3_timing_summary_synth.pb"/>
  <FileSet Name="sources" Type="DesignSrcs" RelSrcDir="$PSRCDIR/sources_1" RelGenDir="$PGENDIR/sources_1">
    <Filter Type="Srcs"/>
    <File Path="$PSRCDIR/sources_1/new/Full_Adder_Lab3.v">
      <FileInfo>
        <Attr Name="UsedIn" Val="synthesis"/>
        <Attr Name="UsedIn" Val="implementation"/>
        <Attr Name="UsedIn" Val="simulation"/>
      </FileInfo>
    </File>
    <Config>
      <Option Name="DesignMode" Val="RTL"/>
      <Option Name="TopModule" Val="Full_Adder_Lab3"/>
      <Option Name="TopAutoSet" Val="TRUE"/>
    </Config>
  </FileSet>
  <FileSet Name="constrs_in" Type="Constrs" RelSrcDir="$PSRCDIR/constrs_1">
    <Filter Type="Constrs"/>
    <File Path="$PSRCDIR/constrs_1/new/Full_Adder.xdc">
      <FileInfo>
        <Attr Name="UsedIn" Val="synthesis"/>
        <Attr Name="UsedIn" Val="implementation"/>
      </FileInfo>
    </File>
    <Config>
      <Option Name="ConstrsType" Val="XDC"/>
    </Config>
  </FileSet>
  <FileSet Name="utils" Type="Utils" RelSrcDir="$PSRCDIR/utils_1">
    <Filter Type="Utils"/>
    <Config>
      <Option Name="TopAutoSet" Val="TRUE"/>
    </Config>
  </FileSet>
  <Strategy Version="1" Minor="2">
    <StratHandle Name="Vivado Synthesis Defaults" Flow="Vivado Synthesis 2020">
      <Desc>Vivado Synthesis Defaults</Desc>
    </StratHandle>
    <Step Id="synth_design"/>
  </Strategy>
</GenRun>
