<?xml version="1.0" encoding="UTF-8"?>
<GenRun Id="impl_1" LaunchPart="xc7a35tcpg236-1" LaunchTime="1618419085">
  <File Type="BITSTR-BMM" Name="Full_Adder_4bit_2sComplement_Lab3_bd.bmm"/>
  <File Type="OPT-METHODOLOGY-DRC" Name="Full_Adder_4bit_2sComplement_Lab3_methodology_drc_opted.rpt"/>
  <File Type="INIT-TIMING" Name="Full_Adder_4bit_2sComplement_Lab3_timing_summary_init.rpt"/>
  <File Type="ROUTE-PWR" Name="Full_Adder_4bit_2sComplement_Lab3_power_routed.rpt"/>
  <File Type="PA-TCL" Name="Full_Adder_4bit_2sComplement_Lab3.tcl"/>
  <File Type="OPT-TIMING" Name="Full_Adder_4bit_2sComplement_Lab3_timing_summary_opted.rpt"/>
  <File Type="OPT-DCP" Name="Full_Adder_4bit_2sComplement_Lab3_opt.dcp"/>
  <File Type="ROUTE-PWR-SUM" Name="Full_Adder_4bit_2sComplement_Lab3_power_summary_routed.pb"/>
  <File Type="REPORTS-TCL" Name="Full_Adder_4bit_2sComplement_Lab3_reports.tcl"/>
  <File Type="OPT-DRC" Name="Full_Adder_4bit_2sComplement_Lab3_drc_opted.rpt"/>
  <File Type="OPT-HWDEF" Name="Full_Adder_4bit_2sComplement_Lab3.hwdef"/>
  <File Type="PWROPT-DCP" Name="Full_Adder_4bit_2sComplement_Lab3_pwropt.dcp"/>
  <File Type="PWROPT-DRC" Name="Full_Adder_4bit_2sComplement_Lab3_drc_pwropted.rpt"/>
  <File Type="PWROPT-TIMING" Name="Full_Adder_4bit_2sComplement_Lab3_timing_summary_pwropted.rpt"/>
  <File Type="PLACE-DCP" Name="Full_Adder_4bit_2sComplement_Lab3_placed.dcp"/>
  <File Type="PLACE-IO" Name="Full_Adder_4bit_2sComplement_Lab3_io_placed.rpt"/>
  <File Type="PLACE-CLK" Name="Full_Adder_4bit_2sComplement_Lab3_clock_utilization_placed.rpt"/>
  <File Type="PLACE-UTIL" Name="Full_Adder_4bit_2sComplement_Lab3_utilization_placed.rpt"/>
  <File Type="PLACE-UTIL-PB" Name="Full_Adder_4bit_2sComplement_Lab3_utilization_placed.pb"/>
  <File Type="PLACE-CTRL" Name="Full_Adder_4bit_2sComplement_Lab3_control_sets_placed.rpt"/>
  <File Type="PLACE-SIMILARITY" Name="Full_Adder_4bit_2sComplement_Lab3_incremental_reuse_placed.rpt"/>
  <File Type="PLACE-PRE-SIMILARITY" Name="Full_Adder_4bit_2sComplement_Lab3_incremental_reuse_pre_placed.rpt"/>
  <File Type="PLACE-TIMING" Name="Full_Adder_4bit_2sComplement_Lab3_timing_summary_placed.rpt"/>
  <File Type="POSTPLACE-PWROPT-DCP" Name="Full_Adder_4bit_2sComplement_Lab3_postplace_pwropt.dcp"/>
  <File Type="BG-BIN" Name="Full_Adder_4bit_2sComplement_Lab3.bin"/>
  <File Type="POSTPLACE-PWROPT-TIMING" Name="Full_Adder_4bit_2sComplement_Lab3_timing_summary_postplace_pwropted.rpt"/>
  <File Type="PHYSOPT-DCP" Name="Full_Adder_4bit_2sComplement_Lab3_physopt.dcp"/>
  <File Type="PHYSOPT-DRC" Name="Full_Adder_4bit_2sComplement_Lab3_drc_physopted.rpt"/>
  <File Type="BITSTR-MSK" Name="Full_Adder_4bit_2sComplement_Lab3.msk"/>
  <File Type="PHYSOPT-TIMING" Name="Full_Adder_4bit_2sComplement_Lab3_timing_summary_physopted.rpt"/>
  <File Type="ROUTE-ERROR-DCP" Name="Full_Adder_4bit_2sComplement_Lab3_routed_error.dcp"/>
  <File Type="ROUTE-DCP" Name="Full_Adder_4bit_2sComplement_Lab3_routed.dcp"/>
  <File Type="ROUTE-BLACKBOX-DCP" Name="Full_Adder_4bit_2sComplement_Lab3_routed_bb.dcp"/>
  <File Type="ROUTE-DRC" Name="Full_Adder_4bit_2sComplement_Lab3_drc_routed.rpt"/>
  <File Type="ROUTE-DRC-PB" Name="Full_Adder_4bit_2sComplement_Lab3_drc_routed.pb"/>
  <File Type="ROUTE-DRC-RPX" Name="Full_Adder_4bit_2sComplement_Lab3_drc_routed.rpx"/>
  <File Type="BITSTR-MMI" Name="Full_Adder_4bit_2sComplement_Lab3.mmi"/>
  <File Type="ROUTE-METHODOLOGY-DRC" Name="Full_Adder_4bit_2sComplement_Lab3_methodology_drc_routed.rpt"/>
  <File Type="ROUTE-METHODOLOGY-DRC-RPX" Name="Full_Adder_4bit_2sComplement_Lab3_methodology_drc_routed.rpx"/>
  <File Type="ROUTE-METHODOLOGY-DRC-PB" Name="Full_Adder_4bit_2sComplement_Lab3_methodology_drc_routed.pb"/>
  <File Type="ROUTE-PWR-RPX" Name="Full_Adder_4bit_2sComplement_Lab3_power_routed.rpx"/>
  <File Type="ROUTE-STATUS" Name="Full_Adder_4bit_2sComplement_Lab3_route_status.rpt"/>
  <File Type="ROUTE-STATUS-PB" Name="Full_Adder_4bit_2sComplement_Lab3_route_status.pb"/>
  <File Type="ROUTE-TIMINGSUMMARY" Name="Full_Adder_4bit_2sComplement_Lab3_timing_summary_routed.rpt"/>
  <File Type="ROUTE-TIMING-PB" Name="Full_Adder_4bit_2sComplement_Lab3_timing_summary_routed.pb"/>
  <File Type="ROUTE-TIMING-RPX" Name="Full_Adder_4bit_2sComplement_Lab3_timing_summary_routed.rpx"/>
  <File Type="ROUTE-SIMILARITY" Name="Full_Adder_4bit_2sComplement_Lab3_incremental_reuse_routed.rpt"/>
  <File Type="ROUTE-CLK" Name="Full_Adder_4bit_2sComplement_Lab3_clock_utilization_routed.rpt"/>
  <File Type="ROUTE-BUS-SKEW" Name="Full_Adder_4bit_2sComplement_Lab3_bus_skew_routed.rpt"/>
  <File Type="ROUTE-BUS-SKEW-PB" Name="Full_Adder_4bit_2sComplement_Lab3_bus_skew_routed.pb"/>
  <File Type="ROUTE-BUS-SKEW-RPX" Name="Full_Adder_4bit_2sComplement_Lab3_bus_skew_routed.rpx"/>
  <File Type="POSTROUTE-PHYSOPT-DCP" Name="Full_Adder_4bit_2sComplement_Lab3_postroute_physopt.dcp"/>
  <File Type="POSTROUTE-PHYSOPT-BLACKBOX-DCP" Name="Full_Adder_4bit_2sComplement_Lab3_postroute_physopt_bb.dcp"/>
  <File Type="POSTROUTE-PHYSOPT-TIMING" Name="Full_Adder_4bit_2sComplement_Lab3_timing_summary_postroute_physopted.rpt"/>
  <File Type="POSTROUTE-PHYSOPT-TIMING-PB" Name="Full_Adder_4bit_2sComplement_Lab3_timing_summary_postroute_physopted.pb"/>
  <File Type="POSTROUTE-PHYSOPT-TIMING-RPX" Name="Full_Adder_4bit_2sComplement_Lab3_timing_summary_postroute_physopted.rpx"/>
  <File Type="POSTROUTE-PHYSOPT-BUS-SKEW" Name="Full_Adder_4bit_2sComplement_Lab3_bus_skew_postroute_physopted.rpt"/>
  <File Type="POSTROUTE-PHYSOPT-BUS-SKEW-PB" Name="Full_Adder_4bit_2sComplement_Lab3_bus_skew_postroute_physopted.pb"/>
  <File Type="BG-BIT" Name="Full_Adder_4bit_2sComplement_Lab3.bit"/>
  <File Type="POSTROUTE-PHYSOPT-BUS-SKEW-RPX" Name="Full_Adder_4bit_2sComplement_Lab3_bus_skew_postroute_physopted.rpx"/>
  <File Type="BITSTR-RBT" Name="Full_Adder_4bit_2sComplement_Lab3.rbt"/>
  <File Type="BITSTR-NKY" Name="Full_Adder_4bit_2sComplement_Lab3.nky"/>
  <File Type="PDI-FILE" Name="Full_Adder_4bit_2sComplement_Lab3.pdi"/>
  <File Type="RCFI_FILE" Name="Full_Adder_4bit_2sComplement_Lab3.rcfi"/>
  <File Type="CFI_FILE" Name="Full_Adder_4bit_2sComplement_Lab3.cfi"/>
  <File Type="RNPI_FILE" Name="Full_Adder_4bit_2sComplement_Lab3.rnpi"/>
  <File Type="NPI_FILE" Name="Full_Adder_4bit_2sComplement_Lab3.npi"/>
  <File Type="RBD_FILE" Name="Full_Adder_4bit_2sComplement_Lab3.rbd"/>
  <File Type="BITSTR-LTX" Name="debug_nets.ltx"/>
  <File Type="BITSTR-LTX" Name="Full_Adder_4bit_2sComplement_Lab3.ltx"/>
  <File Type="BITSTR-SYSDEF" Name="Full_Adder_4bit_2sComplement_Lab3.sysdef"/>
  <File Type="BG-BGN" Name="Full_Adder_4bit_2sComplement_Lab3.bgn"/>
  <File Type="BG-DRC" Name="Full_Adder_4bit_2sComplement_Lab3.drc"/>
  <File Type="RDI-RDI" Name="Full_Adder_4bit_2sComplement_Lab3.vdi"/>
  <File Type="WBT-USG" Name="usage_statistics_webtalk.html"/>
  <FileSet Name="sources" Type="DesignSrcs" RelSrcDir="$PSRCDIR/sources_1" RelGenDir="$PGENDIR/sources_1">
    <Filter Type="Srcs"/>
    <File Path="$PPRDIR/../Lab_3_Full_Adder/Lab_3_Full_Adder.srcs/sources_1/new/Full_Adder_Lab3.v">
      <FileInfo>
        <Attr Name="UsedIn" Val="synthesis"/>
        <Attr Name="UsedIn" Val="implementation"/>
        <Attr Name="UsedIn" Val="simulation"/>
      </FileInfo>
    </File>
    <File Path="$PSRCDIR/sources_1/new/Full_Adder_4bit_2sComplement_Lab3.v">
      <FileInfo>
        <Attr Name="UsedIn" Val="synthesis"/>
        <Attr Name="UsedIn" Val="implementation"/>
        <Attr Name="UsedIn" Val="simulation"/>
      </FileInfo>
    </File>
    <Config>
      <Option Name="DesignMode" Val="RTL"/>
      <Option Name="TopModule" Val="Full_Adder_4bit_2sComplement_Lab3"/>
      <Option Name="TopAutoSet" Val="TRUE"/>
    </Config>
  </FileSet>
  <FileSet Name="constrs_in" Type="Constrs" RelSrcDir="$PSRCDIR/constrs_1">
    <Filter Type="Constrs"/>
    <File Path="$PSRCDIR/constrs_1/new/Full_Adder_4bit_2sComplement.xdc">
      <FileInfo>
        <Attr Name="UsedIn" Val="synthesis"/>
        <Attr Name="UsedIn" Val="implementation"/>
      </FileInfo>
    </File>
    <Config>
      <Option Name="ConstrsType" Val="XDC"/>
    </Config>
  </FileSet>
  <FileSet Name="utils" Type="Utils" RelSrcDir="$PSRCDIR/utils_1">
    <Filter Type="Utils"/>
    <Config>
      <Option Name="TopAutoSet" Val="TRUE"/>
    </Config>
  </FileSet>
  <Strategy Version="1" Minor="2">
    <StratHandle Name="Vivado Implementation Defaults" Flow="Vivado Implementation 2020">
      <Desc>Default settings for Implementation.</Desc>
    </StratHandle>
    <Step Id="init_design"/>
    <Step Id="opt_design"/>
    <Step Id="power_opt_design"/>
    <Step Id="place_design"/>
    <Step Id="post_place_power_opt_design"/>
    <Step Id="phys_opt_design"/>
    <Step Id="route_design"/>
    <Step Id="post_route_phys_opt_design"/>
    <Step Id="write_bitstream"/>
  </Strategy>
</GenRun>
